merchant_id,merchant_name,merchant_category,city,state,onboarding_date
MCH0001,Golden Grocery Emporium #1,Grocery,Bengaluru,Karnataka,2025-08-14
MCH0002,Urban Restaurants Zone #2,Restaurants,Jaipur,Rajasthan,2025-08-28
MCH0003,Star Grocery Traders #3,Grocery,Pune,Maharashtra,2025-10-09
MCH0004,Prime Fashion Corner #4,Fashion,Kolkata,West Bengal,2025-08-21
MCH0005,City Bill Payment Mart #5,Bill Payment,Kolkata,West Bengal,2025-08-14
MCH0006,New Fuel Hub #6,Fuel,Bengaluru,Karnataka,2025-09-03
MCH0007,Star Retail Enterprises #7,Retail,Mumbai,Maharashtra,2026-07-12
MCH0008,Vibrant Pharmacy Bazaar #8,Pharmacy,Bengaluru,Karnataka,2025-10-13
MCH0009,Sri Restaurants Bazaar #9,Restaurants,Pune,Maharashtra,2025-08-11
MCH0010,Metro Restaurants Emporium #10,Restaurants,Pune,Maharashtra,2025-08-21
MCH0011,Apex Bill Payment Bazaar #11,Bill Payment,Chennai,Tamil Nadu,2025-10-22
MCH0012,Star Electronics World #12,Electronics,Bengaluru,Karnataka,2025-09-18
MCH0013,Super Fashion Hub #13,Fashion,Hyderabad,Telangana,2025-08-30
MCH0014,Metro Bill Payment Emporium #14,Bill Payment,Mumbai,Maharashtra,2025-09-10
MCH0015,Metro Retail Bazaar #15,Retail,Pune,Maharashtra,2025-08-18
MCH0016,Golden Pharmacy Corner #16,Pharmacy,Pune,Maharashtra,2025-09-21
MCH0017,Royal Fashion Outlet #17,Fashion,Chennai,Tamil Nadu,2025-08-15
MCH0018,Express Electronics Bazaar #18,Electronics,Delhi NCR,Delhi,2025-09-19
MCH0019,Star Retail Emporium #19,Retail,Kolkata,West Bengal,2026-08-05
MCH0020,Express Pharmacy Bazaar #20,Pharmacy,Bengaluru,Karnataka,2025-09-25
MCH0021,Sri Retail World #21,Retail,Delhi NCR,Delhi,2025-10-04
MCH0022,Vibrant Restaurants Bazaar #22,Restaurants,Delhi NCR,Delhi,2025-10-04
MCH0023,Global Electronics Mart #23,Electronics,Pune,Maharashtra,2025-08-01
MCH0024,Sri Retail Enterprises #24,Retail,Chennai,Tamil Nadu,2025-08-31
MCH0025,Urban Fashion Enterprises #25,Fashion,Mumbai,Maharashtra,2025-08-09
MCH0026,Royal Electronics Bazaar #26,Electronics,Jaipur,Rajasthan,2025-08-22
MCH0027,Apex Fuel Outlet #27,Fuel,Hyderabad,Telangana,2025-08-26
MCH0028,Super Fuel Bazaar #28,Fuel,Hyderabad,Telangana,2025-09-27
MCH0029,Apex Fashion Enterprises #29,Fashion,Bengaluru,Karnataka,2025-10-10
MCH0030,Sri Fashion Enterprises #30,Fashion,Pune,Maharashtra,2025-08-30
MCH0031,Vibrant Grocery Hub #31,Grocery,Bengaluru,Karnataka,2025-09-05
MCH0032,Star Fashion Mart #32,Fashion,Ahmedabad,Gujarat,2025-10-13
MCH0033,Express Fashion Point #33,Fashion,Ahmedabad,Gujarat,2025-08-13
MCH0034,Global Fuel Zone #34,Fuel,Bengaluru,Karnataka,2025-10-26
MCH0035,Metro Grocery World #35,Grocery,Bengaluru,Karnataka,2025-09-01
MCH0036,Star Fashion Point #36,Fashion,Pune,Maharashtra,2025-09-05
MCH0037,Vibrant Fashion Enterprises #37,Fashion,Ahmedabad,Gujarat,2025-08-13
MCH0038,New Grocery Traders #38,Grocery,Mumbai,Maharashtra,2025-10-01
MCH0039,Sri Fuel Mart #39,Fuel,Pune,Maharashtra,2025-09-03
MCH0040,Metro Pharmacy World #40,Pharmacy,Ahmedabad,Gujarat,2026-07-01
MCH0041,Apex Electronics Emporium #41,Electronics,Ahmedabad,Gujarat,2025-10-14
MCH0042,Golden Grocery Hub #42,Grocery,Jaipur,Rajasthan,2025-10-01
MCH0043,Sri Electronics Outlet #43,Electronics,Jaipur,Rajasthan,2025-08-09
MCH0044,Metro Fashion Enterprises #44,Fashion,Bengaluru,Karnataka,2025-09-01
MCH0045,Metro Restaurants Bazaar #45,Restaurants,Mumbai,Maharashtra,2025-09-10
MCH0046,Super Fashion World #46,Fashion,Hyderabad,Telangana,2025-09-20
MCH0047,Prime Pharmacy Hub #47,Pharmacy,Delhi NCR,Delhi,2025-08-02
MCH0048,New Restaurants Outlet #48,Restaurants,Ahmedabad,Gujarat,2025-08-17
MCH0049,Apex Restaurants Hub #49,Restaurants,Chennai,Tamil Nadu,2025-10-09
MCH0050,Super Grocery Outlet #50,Grocery,Hyderabad,Telangana,2025-08-14
MCH0051,New Pharmacy Enterprises #51,Pharmacy,Delhi NCR,Delhi,2025-09-04
MCH0052,Golden Fashion Hub #52,Fashion,Hyderabad,Telangana,2025-09-03
MCH0053,City Retail Store #53,Retail,Jaipur,Rajasthan,2025-09-05
MCH0054,Global Grocery Mart #54,Grocery,Mumbai,Maharashtra,2025-08-21
MCH0055,Star Fuel Store #55,Fuel,Ahmedabad,Gujarat,2025-08-20
MCH0056,Vibrant Grocery Hub #56,Grocery,Jaipur,Rajasthan,2025-09-25
MCH0057,City Grocery Hub #57,Grocery,Delhi NCR,Delhi,2025-09-15
MCH0058,Super Fashion Enterprises #58,Fashion,Pune,Maharashtra,2025-09-22
MCH0059,Vibrant Fashion Mart #59,Fashion,Delhi NCR,Delhi,2026-07-25
MCH0060,Royal Grocery World #60,Grocery,Kolkata,West Bengal,2025-10-25
MCH0061,Royal Pharmacy World #61,Pharmacy,Pune,Maharashtra,2025-09-30
MCH0062,Vibrant Fashion Point #62,Fashion,Pune,Maharashtra,2025-08-29
MCH0063,Metro Fashion Hub #63,Fashion,Mumbai,Maharashtra,2025-09-05
MCH0064,Super Fuel Outlet #64,Fuel,Chennai,Tamil Nadu,2025-08-15
MCH0065,Urban Electronics Emporium #65,Electronics,Hyderabad,Telangana,2025-09-25
MCH0066,Metro Bill Payment Corner #66,Bill Payment,Chennai,Tamil Nadu,2026-07-29
MCH0067,City Fashion Store #67,Fashion,Kolkata,West Bengal,2025-10-06
MCH0068,Global Fashion Zone #68,Fashion,Jaipur,Rajasthan,2025-09-12
MCH0069,Golden Restaurants Emporium #69,Restaurants,Chennai,Tamil Nadu,2025-09-22
MCH0070,Golden Fuel Emporium #70,Fuel,Chennai,Tamil Nadu,2025-09-23
MCH0071,Urban Electronics Corner #71,Electronics,Kolkata,West Bengal,2025-08-01
MCH0072,Apex Pharmacy Zone #72,Pharmacy,Hyderabad,Telangana,2025-10-23
MCH0073,Prime Retail Point #73,Retail,Chennai,Tamil Nadu,2025-09-30
MCH0074,City Restaurants Outlet #74,Restaurants,Delhi NCR,Delhi,2025-09-12
MCH0075,Super Fashion Emporium #75,Fashion,Bengaluru,Karnataka,2025-08-19
MCH0076,Apex Grocery Point #76,Grocery,Mumbai,Maharashtra,2025-09-28
MCH0077,Golden Fashion World #77,Fashion,Kolkata,West Bengal,2025-09-01
MCH0078,Express Grocery Enterprises #78,Grocery,Delhi NCR,Delhi,2025-08-23
MCH0079,Sri Retail Outlet #79,Retail,Jaipur,Rajasthan,2025-09-28
MCH0080,Super Retail Outlet #80,Retail,Delhi NCR,Delhi,2026-06-28
MCH0081,Urban Retail World #81,Retail,Chennai,Tamil Nadu,2025-10-10
MCH0082,Golden Electronics Point #82,Electronics,Ahmedabad,Gujarat,2025-10-21
MCH0083,Super Retail Traders #83,Retail,Hyderabad,Telangana,2025-09-06
MCH0084,Global Pharmacy Hub #84,Pharmacy,Pune,Maharashtra,2025-08-18
MCH0085,Metro Fashion World #85,Fashion,Delhi NCR,Delhi,2025-08-09
MCH0086,Global Fuel Outlet #86,Fuel,Kolkata,West Bengal,2025-08-27
MCH0087,Express Fuel Corner #87,Fuel,Kolkata,West Bengal,2025-10-13
MCH0088,Sri Retail Hub #88,Retail,Kolkata,West Bengal,2025-09-23
MCH0089,Prime Fashion Traders #89,Fashion,Jaipur,Rajasthan,2025-08-04
MCH0090,Super Bill Payment Bazaar #90,Bill Payment,Kolkata,West Bengal,2025-09-29
MCH0091,Metro Grocery Corner #91,Grocery,Delhi NCR,Delhi,2025-08-11
MCH0092,Vibrant Electronics Point #92,Electronics,Kolkata,West Bengal,2025-09-18
MCH0093,Prime Fashion Hub #93,Fashion,Chennai,Tamil Nadu,2025-09-05
MCH0094,Vibrant Pharmacy Enterprises #94,Pharmacy,Kolkata,West Bengal,2025-08-07
MCH0095,Super Fashion Enterprises #95,Fashion,Chennai,Tamil Nadu,2025-08-06
MCH0096,Apex Fashion Store #96,Fashion,Mumbai,Maharashtra,2025-08-17
MCH0097,Urban Restaurants Traders #97,Restaurants,Ahmedabad,Gujarat,2025-09-17
MCH0098,Express Restaurants Mart #98,Restaurants,Delhi NCR,Delhi,2026-07-30
MCH0099,Urban Pharmacy Bazaar #99,Pharmacy,Mumbai,Maharashtra,2025-09-20
MCH0100,Urban Restaurants World #100,Restaurants,Pune,Maharashtra,2025-08-14
MCH0101,Express Restaurants Corner #101,Restaurants,Hyderabad,Telangana,2025-10-08
MCH0102,New Bill Payment Outlet #102,Bill Payment,Kolkata,West Bengal,2025-09-23
MCH0103,Metro Restaurants Hub #103,Restaurants,Ahmedabad,Gujarat,2025-10-30
MCH0104,Royal Fuel World #104,Fuel,Delhi NCR,Delhi,2025-09-04
MCH0105,Prime Retail Zone #105,Retail,Jaipur,Rajasthan,2025-09-04
MCH0106,Vibrant Fashion Enterprises #106,Fashion,Chennai,Tamil Nadu,2025-09-01
MCH0107,Global Fuel Store #107,Fuel,Ahmedabad,Gujarat,2025-08-24
MCH0108,Global Fashion Emporium #108,Fashion,Ahmedabad,Gujarat,2025-10-29
MCH0109,Star Grocery Traders #109,Grocery,Hyderabad,Telangana,2025-10-02
MCH0110,Golden Fashion Point #110,Fashion,Jaipur,Rajasthan,2025-09-27
MCH0111,City Restaurants Traders #111,Restaurants,Mumbai,Maharashtra,2025-09-09
MCH0112,Star Retail Outlet #112,Retail,Chennai,Tamil Nadu,2025-09-12
MCH0113,City Retail Emporium #113,Retail,Chennai,Tamil Nadu,2025-08-25
MCH0114,Golden Restaurants Outlet #114,Restaurants,Chennai,Tamil Nadu,2026-06-22
MCH0115,Apex Fashion World #115,Fashion,Delhi NCR,Delhi,2025-10-07
MCH0116,Vibrant Restaurants Traders #116,Restaurants,Hyderabad,Telangana,2025-08-23
MCH0117,Golden Grocery Outlet #117,Grocery,Hyderabad,Telangana,2025-08-07
MCH0118,Golden Pharmacy Mart #118,Pharmacy,Jaipur,Rajasthan,2025-08-14
MCH0119,Prime Pharmacy Point #119,Pharmacy,Mumbai,Maharashtra,2025-08-07
MCH0120,New Retail Enterprises #120,Retail,Hyderabad,Telangana,2025-10-13
MCH0121,Royal Electronics Corner #121,Electronics,Mumbai,Maharashtra,2025-09-01
MCH0122,Urban Fuel Corner #122,Fuel,Bengaluru,Karnataka,2025-10-06
MCH0123,Prime Retail Emporium #123,Retail,Kolkata,West Bengal,2025-09-09
MCH0124,Express Restaurants Traders #124,Restaurants,Mumbai,Maharashtra,2025-10-24
MCH0125,Apex Electronics Mart #125,Electronics,Bengaluru,Karnataka,2025-08-01
MCH0126,Golden Retail Corner #126,Retail,Kolkata,West Bengal,2025-08-30
MCH0127,Golden Pharmacy Point #127,Pharmacy,Hyderabad,Telangana,2025-09-03
MCH0128,New Fuel Outlet #128,Fuel,Pune,Maharashtra,2025-09-04
MCH0129,Sri Restaurants Mart #129,Restaurants,Delhi NCR,Delhi,2025-10-12
MCH0130,New Retail Point #130,Retail,Hyderabad,Telangana,2025-09-21
MCH0131,Prime Retail Enterprises #131,Retail,Hyderabad,Telangana,2025-09-11
MCH0132,New Grocery Traders #132,Grocery,Hyderabad,Telangana,2026-06-30
MCH0133,Urban Pharmacy Store #133,Pharmacy,Mumbai,Maharashtra,2025-09-30
MCH0134,City Retail Mart #134,Retail,Jaipur,Rajasthan,2026-07-09
MCH0135,Prime Restaurants Hub #135,Restaurants,Ahmedabad,Gujarat,2025-10-25
MCH0136,Global Electronics Zone #136,Electronics,Bengaluru,Karnataka,2025-10-24
MCH0137,Prime Grocery Enterprises #137,Grocery,Kolkata,West Bengal,2025-08-15
MCH0138,Super Grocery Outlet #138,Grocery,Kolkata,West Bengal,2025-08-25
MCH0139,Urban Bill Payment Point #139,Bill Payment,Jaipur,Rajasthan,2025-08-27
MCH0140,City Electronics Point #140,Electronics,Hyderabad,Telangana,2025-08-16
MCH0141,Golden Fashion Mart #141,Fashion,Mumbai,Maharashtra,2025-10-10
MCH0142,Apex Restaurants Enterprises #142,Restaurants,Kolkata,West Bengal,2025-10-22
MCH0143,Golden Retail Emporium #143,Retail,Delhi NCR,Delhi,2025-09-23
MCH0144,Apex Retail Point #144,Retail,Ahmedabad,Gujarat,2025-08-25
MCH0145,Vibrant Electronics Enterprises #145,Electronics,Jaipur,Rajasthan,2025-09-13
MCH0146,Vibrant Pharmacy Store #146,Pharmacy,Jaipur,Rajasthan,2025-10-15
MCH0147,Prime Electronics Outlet #147,Electronics,Ahmedabad,Gujarat,2025-10-10
MCH0148,Prime Fuel Hub #148,Fuel,Jaipur,Rajasthan,2025-08-31
MCH0149,Vibrant Fashion Zone #149,Fashion,Kolkata,West Bengal,2025-10-30
MCH0150,Super Fuel Bazaar #150,Fuel,Kolkata,West Bengal,2026-07-05
MCH0151,Star Electronics Corner #151,Electronics,Mumbai,Maharashtra,2025-09-26
MCH0152,Sri Retail World #152,Retail,Bengaluru,Karnataka,2025-08-20
MCH0153,Express Retail Emporium #153,Retail,Bengaluru,Karnataka,2025-09-20
MCH0154,Vibrant Bill Payment Bazaar #154,Bill Payment,Bengaluru,Karnataka,2025-09-10
MCH0155,Urban Grocery Enterprises #155,Grocery,Ahmedabad,Gujarat,2025-09-06
MCH0156,Metro Restaurants Enterprises #156,Restaurants,Pune,Maharashtra,2025-08-13
MCH0157,Golden Electronics Emporium #157,Electronics,Ahmedabad,Gujarat,2025-09-11
MCH0158,Global Pharmacy Hub #158,Pharmacy,Mumbai,Maharashtra,2025-10-07
MCH0159,Royal Electronics Mart #159,Electronics,Kolkata,West Bengal,2025-10-19
MCH0160,Urban Retail Mart #160,Retail,Pune,Maharashtra,2025-09-02
MCH0161,Super Pharmacy Store #161,Pharmacy,Ahmedabad,Gujarat,2025-09-06
MCH0162,New Electronics Point #162,Electronics,Jaipur,Rajasthan,2025-09-08
MCH0163,Prime Pharmacy Emporium #163,Pharmacy,Kolkata,West Bengal,2025-10-01
MCH0164,Metro Fashion Corner #164,Fashion,Bengaluru,Karnataka,2025-10-29
MCH0165,Vibrant Grocery Bazaar #165,Grocery,Hyderabad,Telangana,2025-10-12
MCH0166,Vibrant Retail Emporium #166,Retail,Mumbai,Maharashtra,2025-10-17
MCH0167,Super Fashion Traders #167,Fashion,Chennai,Tamil Nadu,2025-10-24
MCH0168,Super Restaurants Bazaar #168,Restaurants,Delhi NCR,Delhi,2025-08-05
MCH0169,New Electronics Emporium #169,Electronics,Chennai,Tamil Nadu,2025-08-23
MCH0170,Express Electronics Outlet #170,Electronics,Pune,Maharashtra,2025-10-07
MCH0171,Vibrant Pharmacy Mart #171,Pharmacy,Jaipur,Rajasthan,2025-09-07
MCH0172,Prime Restaurants Enterprises #172,Restaurants,Chennai,Tamil Nadu,2025-10-26
MCH0173,New Bill Payment Zone #173,Bill Payment,Kolkata,West Bengal,2025-08-16
MCH0174,Super Bill Payment World #174,Bill Payment,Ahmedabad,Gujarat,2025-09-18
MCH0175,Super Restaurants Traders #175,Restaurants,Chennai,Tamil Nadu,2025-10-11
MCH0176,Super Fashion Enterprises #176,Fashion,Chennai,Tamil Nadu,2025-10-29
MCH0177,New Fuel Mart #177,Fuel,Hyderabad,Telangana,2025-09-08
MCH0178,New Restaurants Traders #178,Restaurants,Ahmedabad,Gujarat,2025-09-19
MCH0179,Super Bill Payment World #179,Bill Payment,Ahmedabad,Gujarat,2025-09-23
MCH0180,Super Fuel Enterprises #180,Fuel,Delhi NCR,Delhi,2025-09-22
MCH0181,Golden Grocery Hub #181,Grocery,Hyderabad,Telangana,2025-08-31
MCH0182,Super Restaurants Hub #182,Restaurants,Chennai,Tamil Nadu,2025-09-15
MCH0183,City Fuel Traders #183,Fuel,Mumbai,Maharashtra,2026-07-07
MCH0184,Super Fashion Bazaar #184,Fashion,Bengaluru,Karnataka,2025-08-07
MCH0185,Royal Fashion Corner #185,Fashion,Chennai,Tamil Nadu,2025-08-27
MCH0186,Global Fashion Mart #186,Fashion,Pune,Maharashtra,2025-08-01
MCH0187,Royal Electronics Outlet #187,Electronics,Hyderabad,Telangana,2025-08-15
MCH0188,Sri Electronics Hub #188,Electronics,Mumbai,Maharashtra,2025-10-15
MCH0189,Royal Grocery Emporium #189,Grocery,Chennai,Tamil Nadu,2025-10-07
MCH0190,Prime Restaurants Point #190,Restaurants,Bengaluru,Karnataka,2025-10-15
MCH0191,Star Retail Traders #191,Retail,Bengaluru,Karnataka,2025-10-24
MCH0192,Prime Pharmacy Bazaar #192,Pharmacy,Jaipur,Rajasthan,2026-08-02
MCH0193,Metro Fuel Bazaar #193,Fuel,Ahmedabad,Gujarat,2025-08-10
MCH0194,Urban Bill Payment Mart #194,Bill Payment,Bengaluru,Karnataka,2025-10-19
MCH0195,Metro Bill Payment Corner #195,Bill Payment,Jaipur,Rajasthan,2025-10-04
MCH0196,Express Restaurants World #196,Restaurants,Kolkata,West Bengal,2025-10-23
MCH0197,Metro Fashion Point #197,Fashion,Jaipur,Rajasthan,2025-09-13
MCH0198,Metro Fuel World #198,Fuel,Ahmedabad,Gujarat,2025-09-10
MCH0199,Royal Bill Payment Bazaar #199,Bill Payment,Hyderabad,Telangana,2025-08-12
MCH0200,Metro Restaurants Enterprises #200,Restaurants,Bengaluru,Karnataka,2025-08-17
MCH0201,Urban Grocery Outlet #201,Grocery,Jaipur,Rajasthan,2025-08-16
MCH0202,Vibrant Bill Payment Bazaar #202,Bill Payment,Kolkata,West Bengal,2025-08-07
MCH0203,Global Pharmacy Enterprises #203,Pharmacy,Hyderabad,Telangana,2025-08-20
MCH0204,Vibrant Fashion Enterprises #204,Fashion,Ahmedabad,Gujarat,2025-09-17
MCH0205,Urban Pharmacy Traders #205,Pharmacy,Bengaluru,Karnataka,2025-10-19
MCH0206,Urban Grocery Bazaar #206,Grocery,Jaipur,Rajasthan,2025-08-04
MCH0207,Golden Pharmacy Emporium #207,Pharmacy,Delhi NCR,Delhi,2025-08-01
MCH0208,Urban Electronics Bazaar #208,Electronics,Delhi NCR,Delhi,2025-10-21
MCH0209,Golden Restaurants Outlet #209,Restaurants,Mumbai,Maharashtra,2025-09-28
MCH0210,Global Electronics Emporium #210,Electronics,Chennai,Tamil Nadu,2025-10-16
MCH0211,Royal Grocery Mart #211,Grocery,Bengaluru,Karnataka,2025-10-26
MCH0212,Prime Pharmacy Bazaar #212,Pharmacy,Bengaluru,Karnataka,2025-09-26
MCH0213,Apex Pharmacy Outlet #213,Pharmacy,Kolkata,West Bengal,2025-08-15
MCH0214,Star Retail Bazaar #214,Retail,Hyderabad,Telangana,2025-09-20
MCH0215,Apex Grocery Emporium #215,Grocery,Mumbai,Maharashtra,2025-09-02
MCH0216,New Bill Payment Store #216,Bill Payment,Hyderabad,Telangana,2025-08-23
MCH0217,Star Fuel World #217,Fuel,Delhi NCR,Delhi,2025-10-25
MCH0218,Metro Restaurants World #218,Restaurants,Chennai,Tamil Nadu,2025-09-28
MCH0219,Urban Bill Payment Zone #219,Bill Payment,Bengaluru,Karnataka,2025-09-23
MCH0220,Metro Restaurants Store #220,Restaurants,Hyderabad,Telangana,2026-07-26
MCH0221,New Bill Payment Zone #221,Bill Payment,Ahmedabad,Gujarat,2025-09-25
MCH0222,Metro Restaurants Emporium #222,Restaurants,Kolkata,West Bengal,2025-09-12
MCH0223,Star Restaurants Bazaar #223,Restaurants,Delhi NCR,Delhi,2025-08-25
MCH0224,Golden Bill Payment Bazaar #224,Bill Payment,Chennai,Tamil Nadu,2025-08-14
MCH0225,Apex Pharmacy Mart #225,Pharmacy,Delhi NCR,Delhi,2025-08-10
MCH0226,Prime Retail Corner #226,Retail,Delhi NCR,Delhi,2025-10-27
MCH0227,Royal Bill Payment Point #227,Bill Payment,Chennai,Tamil Nadu,2025-10-20
MCH0228,Urban Pharmacy Store #228,Pharmacy,Hyderabad,Telangana,2025-09-09
MCH0229,Sri Retail Store #229,Retail,Ahmedabad,Gujarat,2025-08-10
MCH0230,Prime Fuel Corner #230,Fuel,Bengaluru,Karnataka,2025-09-27
MCH0231,Urban Bill Payment Point #231,Bill Payment,Pune,Maharashtra,2025-09-27
MCH0232,Golden Bill Payment Enterprises #232,Bill Payment,Bengaluru,Karnataka,2025-08-06
MCH0233,Prime Retail Outlet #233,Retail,Pune,Maharashtra,2025-09-16
MCH0234,Metro Pharmacy Zone #234,Pharmacy,Chennai,Tamil Nadu,2025-10-16
MCH0235,New Bill Payment Hub #235,Bill Payment,Mumbai,Maharashtra,2025-09-19
MCH0236,Golden Pharmacy Bazaar #236,Pharmacy,Hyderabad,Telangana,2026-06-28
MCH0237,New Bill Payment Corner #237,Bill Payment,Delhi NCR,Delhi,2025-09-09
MCH0238,Urban Electronics World #238,Electronics,Kolkata,West Bengal,2025-10-11
MCH0239,Vibrant Bill Payment Mart #239,Bill Payment,Kolkata,West Bengal,2025-10-07
MCH0240,Star Fuel Hub #240,Fuel,Bengaluru,Karnataka,2025-08-24
MCH0241,Express Bill Payment Point #241,Bill Payment,Pune,Maharashtra,2025-08-20
MCH0242,Vibrant Pharmacy Enterprises #242,Pharmacy,Bengaluru,Karnataka,2025-10-07
MCH0243,Express Bill Payment Corner #243,Bill Payment,Mumbai,Maharashtra,2025-08-20
MCH0244,Vibrant Electronics World #244,Electronics,Delhi NCR,Delhi,2025-09-26
MCH0245,Global Fuel Bazaar #245,Fuel,Mumbai,Maharashtra,2025-10-18
MCH0246,Apex Retail Outlet #246,Retail,Hyderabad,Telangana,2025-08-25
MCH0247,Prime Retail Emporium #247,Retail,Chennai,Tamil Nadu,2025-10-07
MCH0248,Vibrant Electronics Traders #248,Electronics,Kolkata,West Bengal,2025-09-02
MCH0249,Vibrant Retail Hub #249,Retail,Mumbai,Maharashtra,2025-10-06
MCH0250,New Pharmacy Mart #250,Pharmacy,Bengaluru,Karnataka,2025-08-19
MCH0251,Apex Restaurants Point #251,Restaurants,Kolkata,West Bengal,2025-09-23
MCH0252,Star Fuel Hub #252,Fuel,Mumbai,Maharashtra,2025-09-17
MCH0253,Global Grocery Enterprises #253,Grocery,Pune,Maharashtra,2025-09-12
MCH0254,Sri Electronics Emporium #254,Electronics,Delhi NCR,Delhi,2025-10-29
MCH0255,Prime Retail Corner #255,Retail,Delhi NCR,Delhi,2025-08-03
MCH0256,Vibrant Fashion Mart #256,Fashion,Hyderabad,Telangana,2025-10-07
MCH0257,Express Restaurants Emporium #257,Restaurants,Kolkata,West Bengal,2025-08-07
MCH0258,Super Fuel Corner #258,Fuel,Pune,Maharashtra,2025-10-03
MCH0259,Super Grocery Outlet #259,Grocery,Jaipur,Rajasthan,2025-09-07
MCH0260,Urban Grocery Hub #260,Grocery,Kolkata,West Bengal,2025-08-24
MCH0261,New Bill Payment Outlet #261,Bill Payment,Bengaluru,Karnataka,2025-10-10
MCH0262,Vibrant Fuel Point #262,Fuel,Mumbai,Maharashtra,2025-09-17
MCH0263,Global Grocery Enterprises #263,Grocery,Hyderabad,Telangana,2025-10-20
MCH0264,Royal Bill Payment Store #264,Bill Payment,Bengaluru,Karnataka,2025-10-22
MCH0265,Golden Retail Point #265,Retail,Delhi NCR,Delhi,2025-08-09
MCH0266,City Grocery Traders #266,Grocery,Ahmedabad,Gujarat,2025-08-06
MCH0267,Star Pharmacy Zone #267,Pharmacy,Chennai,Tamil Nadu,2026-07-02
MCH0268,Sri Pharmacy Bazaar #268,Pharmacy,Ahmedabad,Gujarat,2025-08-07
MCH0269,New Pharmacy Hub #269,Pharmacy,Chennai,Tamil Nadu,2025-09-26
MCH0270,Royal Bill Payment Point #270,Bill Payment,Kolkata,West Bengal,2025-10-06
MCH0271,Golden Restaurants Zone #271,Restaurants,Hyderabad,Telangana,2025-08-24
MCH0272,Global Pharmacy Enterprises #272,Pharmacy,Jaipur,Rajasthan,2025-09-07
MCH0273,Urban Retail World #273,Retail,Hyderabad,Telangana,2025-09-26
MCH0274,Sri Retail World #274,Retail,Chennai,Tamil Nadu,2025-10-18
MCH0275,Super Pharmacy Store #275,Pharmacy,Kolkata,West Bengal,2025-09-21
MCH0276,Sri Electronics Mart #276,Electronics,Chennai,Tamil Nadu,2025-09-26
MCH0277,New Electronics Traders #277,Electronics,Mumbai,Maharashtra,2025-09-16
MCH0278,Urban Grocery Mart #278,Grocery,Kolkata,West Bengal,2025-09-17
MCH0279,Urban Restaurants Mart #279,Restaurants,Ahmedabad,Gujarat,2025-09-10
MCH0280,New Fashion Store #280,Fashion,Hyderabad,Telangana,2025-10-06
MCH0281,City Restaurants Emporium #281,Restaurants,Kolkata,West Bengal,2025-10-18
MCH0282,Apex Retail Enterprises #282,Retail,Hyderabad,Telangana,2025-09-27
MCH0283,New Retail Bazaar #283,Retail,Delhi NCR,Delhi,2026-07-16
MCH0284,Star Restaurants Outlet #284,Restaurants,Chennai,Tamil Nadu,2025-08-21
MCH0285,Star Bill Payment Traders #285,Bill Payment,Delhi NCR,Delhi,2025-08-18
MCH0286,Sri Retail Hub #286,Retail,Pune,Maharashtra,2025-09-29
MCH0287,Urban Electronics Enterprises #287,Electronics,Jaipur,Rajasthan,2025-10-01
MCH0288,Express Fuel Zone #288,Fuel,Jaipur,Rajasthan,2025-08-17
MCH0289,Prime Restaurants Point #289,Restaurants,Chennai,Tamil Nadu,2025-08-17
MCH0290,Express Electronics Mart #290,Electronics,Jaipur,Rajasthan,2025-08-16
MCH0291,City Electronics Mart #291,Electronics,Jaipur,Rajasthan,2025-09-14
MCH0292,Vibrant Pharmacy Enterprises #292,Pharmacy,Jaipur,Rajasthan,2025-10-10
MCH0293,Super Electronics Emporium #293,Electronics,Hyderabad,Telangana,2025-10-04
MCH0294,Royal Electronics Bazaar #294,Electronics,Delhi NCR,Delhi,2025-09-13
MCH0295,New Grocery Store #295,Grocery,Mumbai,Maharashtra,2025-09-03
MCH0296,Urban Fuel Bazaar #296,Fuel,Pune,Maharashtra,2025-10-09
MCH0297,Prime Pharmacy Traders #297,Pharmacy,Hyderabad,Telangana,2025-09-21
MCH0298,New Retail World #298,Retail,Hyderabad,Telangana,2025-09-23
MCH0299,Apex Retail Hub #299,Retail,Ahmedabad,Gujarat,2025-09-10
MCH0300,Royal Fuel Hub #300,Fuel,Chennai,Tamil Nadu,2025-09-10
MCH0301,New Retail Emporium #301,Retail,Pune,Maharashtra,2025-08-13
MCH0302,Metro Pharmacy Corner #302,Pharmacy,Mumbai,Maharashtra,2025-09-11
MCH0303,Express Fashion Mart #303,Fashion,Chennai,Tamil Nadu,2025-09-29
MCH0304,Prime Pharmacy Store #304,Pharmacy,Ahmedabad,Gujarat,2025-10-04
MCH0305,Apex Fashion Corner #305,Fashion,Ahmedabad,Gujarat,2025-09-06
MCH0306,City Retail Outlet #306,Retail,Ahmedabad,Gujarat,2025-09-25
MCH0307,Golden Pharmacy Hub #307,Pharmacy,Delhi NCR,Delhi,2025-08-06
MCH0308,Urban Grocery Outlet #308,Grocery,Kolkata,West Bengal,2025-09-06
MCH0309,Star Fuel Point #309,Fuel,Bengaluru,Karnataka,2025-10-19
MCH0310,New Electronics Zone #310,Electronics,Bengaluru,Karnataka,2025-10-11
MCH0311,Apex Electronics Corner #311,Electronics,Chennai,Tamil Nadu,2025-08-06
MCH0312,Royal Grocery World #312,Grocery,Mumbai,Maharashtra,2025-10-06
MCH0313,Urban Electronics Outlet #313,Electronics,Ahmedabad,Gujarat,2025-09-10
MCH0314,Urban Fuel World #314,Fuel,Delhi NCR,Delhi,2025-09-13
MCH0315,Golden Retail Corner #315,Retail,Jaipur,Rajasthan,2025-09-17
MCH0316,Metro Restaurants Corner #316,Restaurants,Chennai,Tamil Nadu,2025-10-20
MCH0317,City Retail Bazaar #317,Retail,Mumbai,Maharashtra,2025-10-13
MCH0318,Urban Grocery Point #318,Grocery,Pune,Maharashtra,2025-10-19
MCH0319,Vibrant Electronics Bazaar #319,Electronics,Kolkata,West Bengal,2025-10-29
MCH0320,Sri Fashion Point #320,Fashion,Bengaluru,Karnataka,2025-09-22
MCH0321,Star Fuel Corner #321,Fuel,Pune,Maharashtra,2025-10-30
MCH0322,Star Fashion Hub #322,Fashion,Delhi NCR,Delhi,2026-07-06
MCH0323,Global Fuel Mart #323,Fuel,Jaipur,Rajasthan,2025-09-13
MCH0324,Super Bill Payment World #324,Bill Payment,Jaipur,Rajasthan,2025-09-03
MCH0325,Apex Fashion Emporium #325,Fashion,Ahmedabad,Gujarat,2025-09-08
MCH0326,Golden Fashion World #326,Fashion,Hyderabad,Telangana,2025-09-14
MCH0327,City Pharmacy Enterprises #327,Pharmacy,Jaipur,Rajasthan,2025-09-18
MCH0328,Express Bill Payment Mart #328,Bill Payment,Kolkata,West Bengal,2025-08-11
MCH0329,Super Retail Emporium #329,Retail,Chennai,Tamil Nadu,2025-08-26
MCH0330,Star Pharmacy World #330,Pharmacy,Jaipur,Rajasthan,2025-10-18
MCH0331,Sri Fashion Bazaar #331,Fashion,Pune,Maharashtra,2025-10-21
MCH0332,New Grocery Zone #332,Grocery,Pune,Maharashtra,2025-08-13
MCH0333,Star Grocery Mart #333,Grocery,Delhi NCR,Delhi,2025-10-01
MCH0334,Global Pharmacy Emporium #334,Pharmacy,Pune,Maharashtra,2025-10-23
MCH0335,Royal Grocery Zone #335,Grocery,Pune,Maharashtra,2025-08-05
MCH0336,Royal Retail World #336,Retail,Kolkata,West Bengal,2026-07-18
MCH0337,City Grocery Corner #337,Grocery,Mumbai,Maharashtra,2025-09-06
MCH0338,Royal Retail Outlet #338,Retail,Ahmedabad,Gujarat,2025-08-15
MCH0339,Golden Electronics Point #339,Electronics,Chennai,Tamil Nadu,2025-08-02
MCH0340,Urban Pharmacy Bazaar #340,Pharmacy,Chennai,Tamil Nadu,2025-10-18
MCH0341,Star Fuel Hub #341,Fuel,Kolkata,West Bengal,2025-08-13
MCH0342,Prime Electronics Hub #342,Electronics,Delhi NCR,Delhi,2025-09-03
MCH0343,Prime Fashion Emporium #343,Fashion,Kolkata,West Bengal,2026-07-17
MCH0344,Super Pharmacy Hub #344,Pharmacy,Mumbai,Maharashtra,2025-10-25
MCH0345,City Retail Mart #345,Retail,Bengaluru,Karnataka,2025-10-30
MCH0346,Super Restaurants Emporium #346,Restaurants,Hyderabad,Telangana,2025-08-29
MCH0347,Royal Retail Point #347,Retail,Delhi NCR,Delhi,2025-09-17
MCH0348,Express Retail Outlet #348,Retail,Kolkata,West Bengal,2025-09-01
MCH0349,Star Retail World #349,Retail,Bengaluru,Karnataka,2025-08-15
MCH0350,Urban Fashion Outlet #350,Fashion,Mumbai,Maharashtra,2025-10-06
MCH0351,Super Restaurants Traders #351,Restaurants,Ahmedabad,Gujarat,2025-08-12
MCH0352,Express Retail Store #352,Retail,Jaipur,Rajasthan,2025-09-23
MCH0353,Star Grocery Point #353,Grocery,Ahmedabad,Gujarat,2025-08-03
MCH0354,Vibrant Pharmacy Store #354,Pharmacy,Kolkata,West Bengal,2025-08-10
MCH0355,Global Fuel World #355,Fuel,Mumbai,Maharashtra,2025-08-09
MCH0356,City Grocery Zone #356,Grocery,Ahmedabad,Gujarat,2025-10-22
MCH0357,Metro Bill Payment Point #357,Bill Payment,Kolkata,West Bengal,2025-09-18
MCH0358,Super Electronics Hub #358,Electronics,Bengaluru,Karnataka,2025-09-20
MCH0359,Golden Electronics Traders #359,Electronics,Jaipur,Rajasthan,2025-09-08
MCH0360,Star Fuel Zone #360,Fuel,Ahmedabad,Gujarat,2025-09-28
MCH0361,City Electronics Traders #361,Electronics,Chennai,Tamil Nadu,2025-08-05
MCH0362,Apex Grocery Traders #362,Grocery,Kolkata,West Bengal,2025-08-05
MCH0363,Apex Grocery World #363,Grocery,Ahmedabad,Gujarat,2025-08-30
MCH0364,Express Fashion Store #364,Fashion,Jaipur,Rajasthan,2025-08-30
MCH0365,Apex Bill Payment Emporium #365,Bill Payment,Chennai,Tamil Nadu,2025-10-06
MCH0366,City Fuel Emporium #366,Fuel,Pune,Maharashtra,2025-08-23
MCH0367,Sri Retail Hub #367,Retail,Kolkata,West Bengal,2025-09-18
MCH0368,Golden Bill Payment Zone #368,Bill Payment,Jaipur,Rajasthan,2025-09-18
MCH0369,Apex Retail Traders #369,Retail,Delhi NCR,Delhi,2025-09-29
MCH0370,Metro Fuel Outlet #370,Fuel,Mumbai,Maharashtra,2025-09-01
MCH0371,Global Fashion Bazaar #371,Fashion,Hyderabad,Telangana,2025-09-17
MCH0372,Sri Fashion Emporium #372,Fashion,Bengaluru,Karnataka,2025-10-17
MCH0373,Apex Restaurants Corner #373,Restaurants,Mumbai,Maharashtra,2025-08-28
MCH0374,Vibrant Fashion Hub #374,Fashion,Ahmedabad,Gujarat,2025-08-28
MCH0375,Golden Restaurants Point #375,Restaurants,Pune,Maharashtra,2025-10-17
MCH0376,Apex Fuel Outlet #376,Fuel,Pune,Maharashtra,2025-09-18
MCH0377,City Bill Payment Emporium #377,Bill Payment,Ahmedabad,Gujarat,2025-09-29
MCH0378,Express Retail Hub #378,Retail,Bengaluru,Karnataka,2025-09-10
MCH0379,Urban Grocery Traders #379,Grocery,Kolkata,West Bengal,2025-09-03
MCH0380,City Fuel Mart #380,Fuel,Jaipur,Rajasthan,2025-09-18
MCH0381,Star Retail Bazaar #381,Retail,Pune,Maharashtra,2025-09-02
MCH0382,Prime Retail Mart #382,Retail,Ahmedabad,Gujarat,2025-08-22
MCH0383,Royal Retail Outlet #383,Retail,Delhi NCR,Delhi,2026-08-02
MCH0384,Vibrant Grocery Enterprises #384,Grocery,Jaipur,Rajasthan,2025-08-07
MCH0385,Royal Fuel Bazaar #385,Fuel,Mumbai,Maharashtra,2025-08-02
MCH0386,Global Retail Store #386,Retail,Pune,Maharashtra,2025-10-18
MCH0387,Sri Retail Store #387,Retail,Ahmedabad,Gujarat,2025-08-02
MCH0388,Star Pharmacy Emporium #388,Pharmacy,Mumbai,Maharashtra,2025-10-26
MCH0389,New Electronics Enterprises #389,Electronics,Kolkata,West Bengal,2025-08-25
MCH0390,Vibrant Pharmacy Hub #390,Pharmacy,Jaipur,Rajasthan,2025-08-11
MCH0391,Prime Fuel Corner #391,Fuel,Chennai,Tamil Nadu,2025-08-29
MCH0392,Super Restaurants Bazaar #392,Restaurants,Hyderabad,Telangana,2025-09-21
MCH0393,Star Fuel Point #393,Fuel,Kolkata,West Bengal,2025-10-29
MCH0394,Prime Restaurants Zone #394,Restaurants,Delhi NCR,Delhi,2025-10-12
MCH0395,Apex Grocery Traders #395,Grocery,Bengaluru,Karnataka,2025-10-12
MCH0396,Sri Pharmacy Enterprises #396,Pharmacy,Ahmedabad,Gujarat,2025-10-09
MCH0397,Vibrant Electronics Hub #397,Electronics,Mumbai,Maharashtra,2025-10-15
MCH0398,New Fuel Emporium #398,Fuel,Delhi NCR,Delhi,2025-10-12
MCH0399,Metro Bill Payment World #399,Bill Payment,Kolkata,West Bengal,2025-08-11
MCH0400,Sri Bill Payment Enterprises #400,Bill Payment,Jaipur,Rajasthan,2025-09-13
MCH0401,Sri Bill Payment Bazaar #401,Bill Payment,Kolkata,West Bengal,2025-10-02
MCH0402,Star Bill Payment Zone #402,Bill Payment,Pune,Maharashtra,2025-10-14
MCH0403,Express Restaurants Corner #403,Restaurants,Kolkata,West Bengal,2025-08-10
MCH0404,Royal Pharmacy Zone #404,Pharmacy,Bengaluru,Karnataka,2025-08-20
MCH0405,Global Bill Payment Enterprises #405,Bill Payment,Kolkata,West Bengal,2025-09-26
MCH0406,New Pharmacy Mart #406,Pharmacy,Chennai,Tamil Nadu,2025-09-27
MCH0407,New Fuel Store #407,Fuel,Jaipur,Rajasthan,2025-08-12
MCH0408,Sri Fuel Emporium #408,Fuel,Chennai,Tamil Nadu,2025-10-11
MCH0409,Super Electronics Zone #409,Electronics,Pune,Maharashtra,2025-09-08
MCH0410,Royal Retail Enterprises #410,Retail,Hyderabad,Telangana,2025-09-23
MCH0411,Express Retail Enterprises #411,Retail,Hyderabad,Telangana,2025-10-20
MCH0412,Prime Fashion Enterprises #412,Fashion,Ahmedabad,Gujarat,2025-09-20
MCH0413,Express Fuel Hub #413,Fuel,Chennai,Tamil Nadu,2025-10-23
MCH0414,Global Pharmacy Corner #414,Pharmacy,Delhi NCR,Delhi,2025-10-01
MCH0415,Metro Electronics Hub #415,Electronics,Chennai,Tamil Nadu,2025-10-21
MCH0416,Global Fashion Zone #416,Fashion,Ahmedabad,Gujarat,2025-09-16
MCH0417,Urban Fashion Outlet #417,Fashion,Bengaluru,Karnataka,2025-08-04
MCH0418,Prime Fashion Emporium #418,Fashion,Ahmedabad,Gujarat,2025-09-22
MCH0419,Super Electronics Emporium #419,Electronics,Ahmedabad,Gujarat,2025-08-20
MCH0420,New Fuel Point #420,Fuel,Kolkata,West Bengal,2026-07-06
MCH0421,Star Fuel Store #421,Fuel,Kolkata,West Bengal,2025-10-29
MCH0422,New Restaurants Traders #422,Restaurants,Jaipur,Rajasthan,2025-08-22
MCH0423,Express Fuel Hub #423,Fuel,Mumbai,Maharashtra,2026-07-09
MCH0424,New Grocery Emporium #424,Grocery,Bengaluru,Karnataka,2025-10-11
MCH0425,Global Retail Zone #425,Retail,Pune,Maharashtra,2025-10-15
MCH0426,Global Electronics Store #426,Electronics,Jaipur,Rajasthan,2025-09-23
MCH0427,Vibrant Restaurants World #427,Restaurants,Bengaluru,Karnataka,2025-09-13
MCH0428,Star Fashion Point #428,Fashion,Ahmedabad,Gujarat,2025-09-26
MCH0429,New Bill Payment Emporium #429,Bill Payment,Ahmedabad,Gujarat,2025-08-03
MCH0430,Super Restaurants Mart #430,Restaurants,Chennai,Tamil Nadu,2025-10-06
MCH0431,Global Electronics Outlet #431,Electronics,Delhi NCR,Delhi,2025-08-30
MCH0432,Royal Electronics Bazaar #432,Electronics,Kolkata,West Bengal,2025-08-04
MCH0433,Urban Retail Zone #433,Retail,Pune,Maharashtra,2025-08-28
MCH0434,Express Pharmacy World #434,Pharmacy,Pune,Maharashtra,2025-10-13
MCH0435,Global Electronics Hub #435,Electronics,Bengaluru,Karnataka,2025-09-03
MCH0436,Urban Bill Payment Zone #436,Bill Payment,Ahmedabad,Gujarat,2025-08-15
MCH0437,Vibrant Bill Payment Point #437,Bill Payment,Chennai,Tamil Nadu,2025-10-30
MCH0438,Super Restaurants Mart #438,Restaurants,Hyderabad,Telangana,2025-09-09
MCH0439,Global Electronics World #439,Electronics,Bengaluru,Karnataka,2025-09-23
MCH0440,Metro Fuel Mart #440,Fuel,Delhi NCR,Delhi,2025-10-28
MCH0441,Prime Electronics Emporium #441,Electronics,Delhi NCR,Delhi,2025-09-27
MCH0442,Sri Bill Payment Point #442,Bill Payment,Mumbai,Maharashtra,2025-10-11
MCH0443,Metro Retail Bazaar #443,Retail,Jaipur,Rajasthan,2025-10-02
MCH0444,Urban Restaurants Store #444,Restaurants,Delhi NCR,Delhi,2025-09-07
MCH0445,Apex Pharmacy Outlet #445,Pharmacy,Mumbai,Maharashtra,2025-10-12
MCH0446,Urban Restaurants Enterprises #446,Restaurants,Ahmedabad,Gujarat,2025-09-16
MCH0447,Express Grocery World #447,Grocery,Jaipur,Rajasthan,2025-09-24
MCH0448,City Fashion Store #448,Fashion,Bengaluru,Karnataka,2025-08-12
MCH0449,Express Restaurants Traders #449,Restaurants,Ahmedabad,Gujarat,2025-10-28
MCH0450,Royal Fuel Corner #450,Fuel,Chennai,Tamil Nadu,2025-08-27
MCH0451,Star Bill Payment Emporium #451,Bill Payment,Mumbai,Maharashtra,2025-09-11
MCH0452,Urban Pharmacy Emporium #452,Pharmacy,Hyderabad,Telangana,2026-07-04
MCH0453,Express Electronics Zone #453,Electronics,Bengaluru,Karnataka,2025-10-23
MCH0454,Apex Electronics Mart #454,Electronics,Delhi NCR,Delhi,2025-10-26
MCH0455,Royal Retail Corner #455,Retail,Kolkata,West Bengal,2025-09-23
MCH0456,New Retail Bazaar #456,Retail,Kolkata,West Bengal,2025-09-21
MCH0457,Golden Pharmacy Hub #457,Pharmacy,Jaipur,Rajasthan,2025-09-11
MCH0458,Golden Restaurants Point #458,Restaurants,Mumbai,Maharashtra,2025-09-15
MCH0459,Apex Fuel Zone #459,Fuel,Bengaluru,Karnataka,2025-09-04
MCH0460,Global Pharmacy Outlet #460,Pharmacy,Chennai,Tamil Nadu,2025-10-02
MCH0461,Sri Grocery Enterprises #461,Grocery,Chennai,Tamil Nadu,2025-08-03
MCH0462,Prime Electronics Point #462,Electronics,Bengaluru,Karnataka,2025-08-26
MCH0463,Royal Pharmacy Emporium #463,Pharmacy,Delhi NCR,Delhi,2025-09-02
MCH0464,Super Bill Payment Bazaar #464,Bill Payment,Bengaluru,Karnataka,2025-10-20
MCH0465,Metro Fashion Bazaar #465,Fashion,Hyderabad,Telangana,2025-08-01
MCH0466,New Retail Mart #466,Retail,Pune,Maharashtra,2025-10-27
MCH0467,Sri Grocery World #467,Grocery,Ahmedabad,Gujarat,2025-09-24
MCH0468,New Retail Traders #468,Retail,Delhi NCR,Delhi,2025-08-14
MCH0469,City Bill Payment Mart #469,Bill Payment,Chennai,Tamil Nadu,2025-10-22
MCH0470,Star Restaurants Corner #470,Restaurants,Delhi NCR,Delhi,2025-08-22
MCH0471,Golden Bill Payment Traders #471,Bill Payment,Ahmedabad,Gujarat,2025-09-22
MCH0472,New Fashion Enterprises #472,Fashion,Ahmedabad,Gujarat,2025-10-15
MCH0473,Metro Bill Payment Hub #473,Bill Payment,Kolkata,West Bengal,2025-09-05
MCH0474,Star Fashion Corner #474,Fashion,Bengaluru,Karnataka,2025-09-06
MCH0475,Apex Pharmacy Outlet #475,Pharmacy,Mumbai,Maharashtra,2025-09-20
MCH0476,Express Grocery Traders #476,Grocery,Hyderabad,Telangana,2025-08-31
MCH0477,Star Restaurants Store #477,Restaurants,Ahmedabad,Gujarat,2026-07-16
MCH0478,Vibrant Fuel Corner #478,Fuel,Delhi NCR,Delhi,2025-10-27
MCH0479,Express Retail Enterprises #479,Retail,Delhi NCR,Delhi,2025-08-02
MCH0480,Sri Fashion Store #480,Fashion,Hyderabad,Telangana,2025-10-04
MCH0481,Metro Fuel World #481,Fuel,Hyderabad,Telangana,2025-10-08
MCH0482,City Electronics Enterprises #482,Electronics,Jaipur,Rajasthan,2025-08-27
MCH0483,Metro Bill Payment Corner #483,Bill Payment,Delhi NCR,Delhi,2025-10-27
MCH0484,Golden Pharmacy Zone #484,Pharmacy,Bengaluru,Karnataka,2025-08-08
MCH0485,Metro Restaurants Enterprises #485,Restaurants,Pune,Maharashtra,2025-08-08
MCH0486,New Electronics Store #486,Electronics,Hyderabad,Telangana,2025-08-02
MCH0487,Global Retail Outlet #487,Retail,Delhi NCR,Delhi,2025-08-22
MCH0488,Golden Electronics Emporium #488,Electronics,Chennai,Tamil Nadu,2025-08-04
MCH0489,City Fuel Outlet #489,Fuel,Chennai,Tamil Nadu,2025-10-20
MCH0490,Prime Retail Outlet #490,Retail,Bengaluru,Karnataka,2025-10-12
MCH0491,Royal Bill Payment Emporium #491,Bill Payment,Delhi NCR,Delhi,2025-10-26
MCH0492,Golden Fashion Outlet #492,Fashion,Bengaluru,Karnataka,2025-09-01
MCH0493,Global Retail Zone #493,Retail,Mumbai,Maharashtra,2025-08-05
MCH0494,Apex Fuel Hub #494,Fuel,Jaipur,Rajasthan,2025-09-04
MCH0495,New Bill Payment Outlet #495,Bill Payment,Bengaluru,Karnataka,2025-08-23
MCH0496,Metro Grocery Enterprises #496,Grocery,Pune,Maharashtra,2025-09-09
MCH0497,Star Restaurants Point #497,Restaurants,Chennai,Tamil Nadu,2025-09-07
MCH0498,Prime Fashion Hub #498,Fashion,Hyderabad,Telangana,2025-08-26
MCH0499,Royal Fashion Store #499,Fashion,Jaipur,Rajasthan,2025-08-30
MCH0500,Super Bill Payment World #500,Bill Payment,Jaipur,Rajasthan,2025-08-01
